Unnamed: 0,Unnamed: 1,Unnamed: 2,Unnamed: 3
,,,
,,,
,,,
,Enhanced Price Card (EPC) - (7/8/2026),,
,,Quote Header Information,
,,,
,,Seller Information:,
,,Name,
,,Title,
,,Phone,
,,Email,
,,,
,,Proposal Information:,
,,Quote Issue Date,
,,New / Existing / Migration Client,
,,Quote Days Valid,
,,Quote Valid Until Date,00:00:00
,,,
,,Customer Information:,
,,Name,
,,Address,
,,City,
,,State,
,,Zip,
,,,
,,Customer Contact:,
,,Name,
,,Title,
,,Email,
,,Phone,
,,,
,,Customer Legal Information:,
,,Legal Contact Name,
,,Legal Contact Address,
,,Legal Contact Phone Number,
,,Legal Contact Email,
,,Person to Accept Notice & Title,
,,Address for Notice,
,,Email for Notice,
,,Fax for Notice,
