Unnamed: 0,Unnamed: 1,Unnamed: 2,Unnamed: 3,Unnamed: 4,Unnamed: 5,Unnamed: 6,Unnamed: 7,Unnamed: 8,Unnamed: 9
,Quote: _19000100,,Prepared For:, - ,,,,,
,Initial Term: 1(years),,Prepared By:,0,,,,,
,,,Prepared On:,00:00:00,,,,,
,,,Quote Valid Until:,00:00:00,,,,,
,,,,,,,,,
,Primary Service / Module / Bundle,,One Time Fees,Usage Fees,,,Annual Fees,Other Monthly Fees,Status
,,,,Per Transaction Fee,"Minimum Monthly Transaction
Commitment",Minimum Monthly Fees,,,
,,,,,,,,,
,,,,,,,,,
,,,,,,,,,
,,,,,,,,,
,,,,,,,,,
,,,,,,,,,
,,,,,,,,,
,,,,,,,,,
,,,,,,,,,
,,,,,,,,,
,,,,,,,,,
,,,,,,,,,
,,,,,,,,,
,,,,,,,,,
,,,,,,,,,
,Add-On Services,,One Time Fees,Usage Fees,,,Annual Fees,Other Monthly Fees,Status
,,,,Per Transaction Fee,"Minimum Monthly Transaction
Commitment",Minimum Monthly Fees,,,
,MeridianLink Mortgage Access Module,MeridianLink Mortgage,4800,50,50,2500,,,
