Unnamed: 0,Unnamed: 1,Unnamed: 2,Unnamed: 3,Unnamed: 4,Unnamed: 5,Unnamed: 6,Unnamed: 7,Unnamed: 8,Unnamed: 9,Unnamed: 10,Unnamed: 11,Unnamed: 12,Unnamed: 13,Unnamed: 14,Unnamed: 15,Unnamed: 16,Unnamed: 17,Unnamed: 18,Unnamed: 19,Unnamed: 20,Unnamed: 21,Unnamed: 22,Unnamed: 23,Unnamed: 24,Unnamed: 25,Unnamed: 26,Unnamed: 27,Unnamed: 28,Unnamed: 29,Unnamed: 30,Unnamed: 31,Unnamed: 32,Unnamed: 33,Unnamed: 34,Unnamed: 35,Unnamed: 36,Unnamed: 37,Unnamed: 38,Unnamed: 39,Unnamed: 40,Unnamed: 41,Unnamed: 42,Unnamed: 43,Unnamed: 44,Unnamed: 45,Unnamed: 46,Unnamed: 47,Unnamed: 48,Unnamed: 49,Unnamed: 50,Unnamed: 51
,,,,,,,,,,,,,,,,,,,,,,,,,,,,,,,,,,,,,,,,,,,,,,,,,,,
,,,,,,,,,,,,,,,,,,,,,,,,,,,,,,,,,,,,,,,,,,,,,,,,,,,
,Contract Term (Yrs),1,,Drop Down Filters,,,,,,,,,,,,,,,,,,,,,,,,,,,,,,,,,,,,,,,,,,,,,,,
,,,,Product Line,MeridianLink Mortgage,,,,,,,,,,,,,,,,,,,,,,,,,,,,,,,,,,,,,,,,,,,,,,
,,,,,,,,,,,,,,,,,,,,,,,,,,Line Financials - Based on Selling Price,,,,,,,,Line Financials - Based on List Price,,,,,,,,,,,,,,,,,
,,,,,,,,,,,,,,Use Avg Target as List?,No,,,,,,,,,,,,,,,,,,,,,,,,,,,,,,,,,,,,
,,,,SOW Case #,,,,,,,,,,,,,,,,,,,,,,,,,,,,,,,,,,,,,,,,,,,,,,,
,,,,,,,,,,,,,,,,,,,,,,,,,,,,,,,,,,,,,,,,,,,,,,,,,,,
,Primary Services:,,,,,,,,,List Price - Overrides,,,,Annual Minimums,,,,Final Selling Price,,,,Discounts/Uplifts Analysis,,,,Total ACV,SaaS ACV - No,SaaS ACV - Yes,MYR Avg ACV,OTF,YR1,TCV,,Total ACV,SaaS ACV,MYR Avg ACV,OTF,YR1,TCV,Customer Line Notes,,,,,,,,,,,Notes for Sales
,Product Name,One Time,Annual,Per Transaction,Price Method,Commitment,LPQ Discount Module,Multi Year Ramp,,One Time,Annual,Per Transaction,,Annual Amount,Annual Target,% of Target,,One Time Fees,Annual Fees,Transaction Fees,,One Time,Annual,Per Transaction,,,,,,,,,,,,,,,,,,,,,,,,,,,
,,,,,,,N,No,,,,,,0,,,,,,,,0,0,0,,0,0,0,0,,0,0,,0,0,0,,,0,,,,,,,,,,,,
,,,,,,,N,No,,,,,,0,,,,,,,,0,0,0,,0,0,0,,,0,0,,0,0,,,,0,,,,,,,,,,,,
,,,,,,,N,No,,,,,,0,,,,,,,,0,0,0,,0,0,0,,,0,0,,0,0,,,,0,,,,,,,,,,,,
,,,,,,,N,No,,,,,,0,,,,,,,,0,0,0,,0,0,0,,,0,0,,0,0,,,,0,,,,,,,,,,,,
,,,,,,,N,No,,,,,,0,,,,,,,,0,0,0,,0,0,0,,,0,0,,0,0,,,,0,,,,,,,,,,,,
,,,,,,,N,No,,,,,,0,,,,,,,,0,0,0,,0,0,0,,,0,0,,0,0,,,,0,,,,,,,,,,,,
,,,,,,,N,No,,,,,,0,,,,,,,,0,0,0,,0,0,0,,,0,0,,0,0,,,,0,,,,,,,,,,,,
,,,,,,,N,No,,,,,,0,,,,,,,,0,0,0,,0,0,0,,,0,0,,0,0,,,,0,,,,,,,,,,,,
,,,,,,,N,No,,,,,,0,,,,,,,,0,0,0,,0,0,0,,,0,0,,0,0,,,,0,,,,,,,,,,,,
,,,,,,,,No,,,,,,0,,,,,,,,0,0,0,,0,0,0,,,0,0,,0,0,,,,0,,,,,,,,,,,,
,,,,,,,,No,,,,,,0,,,,,,,,0,0,0,,0,0,0,,,0,0,,0,0,,,,0,,,,,,,,,,,,
,,,,,,,,No,,,,,,0,,,,,,,,0,0,0,,0,0,0,,,0,0,,0,0,,,,0,,,,,,,,,,,,
,,,,,,,,No,,,,,,0,,,,,,,,0,0,0,,0,0,0,,,0,0,,0,0,,,,0,,,,,,,,,,,,
,,,,,,,,No,,,,,,0,,,,,,,,0,0,0,,0,0,0,,,0,0,,0,0,,,,0,,,,,,,,,,,,
,Total List Price - Primary Services:,0,0,,,,,,,,,,,,,,,0,0,,,,,,,,,,,,,,,,,,,,,,,,,,,,,,,,
,Total Selling Price - Primary Services: ,0,0,,,,,,,,,,,,,,,,,,,,,,,Line Financials - Based on Selling Price,,,,,,,,Line Financials - Based on List Price,,,,,,,,,,,,,,,,,
,,,,,,,,,,,,,,,,,,,,,,,,,,,,,,,,,,,,,,,,,,,,,,,,,,,
,Add-Ons Services:,,,,,,,,,List Price - Overrides,,,,,,,,Final Selling Price,,,,Discounts/Uplifts Analysis,,,,Total ACV,SaaS ACV - No,SaaS ACV - Yes,MYR Avg ACV,OTF,YR1,TCV,,Total ACV,SaaS ACV,MYR Avg ACV,OTF,YR1,TCV,Customer Line Notes,,,,,,,,,,,Notes for Sales
,Product Name,One Time,Annual,Per Transaction,Price Method,Commitment,,Multi Year Ramp,,One Time,Annual,Per Transaction,,,,,,One Time Fees,Annual Fees,Transaction Fees,,OTF,AF,TF,,,,,,,,,,,,,,,,,,,,,,,,,,,
,MeridianLink Mortgage Access Tier 14 (45-59 Closed Loans/Month),4800,,42.4,Closed Loans / Mon,50,,No,,,,50,,,,,,4800,,50,,0,0,0.17924528301886797,,30000,30000,0,0,4800,34800,34800,,25440,25440,0,4800,,30240,,,,,,,,,,,,
,,,,,,,,No,,,,,,,,,,,,,,0,0,0,,0,0,0,,,0,0,,0,0,,,,0,,,,,,,,,,,,
,,,,,,,,No,,,,,,,,,,,,,,0,0,0,,0,0,0,,,0,0,,0,0,,,,0,,,,,,,,,,,,
,,,,,,,,No,,,,,,,,,,,,,,0,0,0,,0,0,0,,,0,0,,0,0,,,,0,,,,,,,,,,,,
,,,,,,,,No,,,,,,,,,,,,,,0,0,0,,0,0,0,,,0,0,,0,0,,,,0,,,,,,,,,,,,
,,,,,,,,No,,,,,,,,,,,,,,0,0,0,,0,0,0,,,0,0,,0,0,,,,0,,,,,,,,,,,,
,,,,,,,,No,,,,,,,,,,,,,,0,0,0,,0,0,0,,,0,0,,0,0,,,,0,,,,,,,,,,,,
,,,,,,,,No,,,,,,,,,,,,,,0,0,0,,0,0,0,,,0,0,,0,0,,,,0,,,,,,,,,,,,
,,,,,,,,No,,,,,,,,,,,,,,0,0,0,,0,0,0,,,0,0,,0,0,,,,0,,,,,,,,,,,,
,,,,,,,,No,,,,,,,,,,,,,,0,0,0,,0,0,0,,,0,0,,0,0,,,,0,,,,,,,,,,,,
,,,,,,,,No,,,,,,,,,,,,,,0,0,0,,0,0,0,,,0,0,,0,0,,,,0,,,,,,,,,,,,
,,,,,,,,No,,,,,,,,,,,,,,0,0,0,,0,0,0,,,0,0,,0,0,,,,0,,,,,,,,,,,,
,,,,,,,,No,,,,,,,,,,,,,,0,0,0,,0,0,0,,,0,0,,0,0,,,,0,,,,,,,,,,,,
,,,,,,,,No,,,,,,,,,,,,,,0,0,0,,0,0,0,,,0,0,,0,0,,,,0,,,,,,,,,,,,
,,,,,,,,No,,,,,,,,,,,,,,0,0,0,,0,0,0,,,0,0,,0,0,,,,0,,,,,,,,,,,,
,,,,,,,,No,,,,,,,,,,,,,,0,0,0,,0,0,0,,,0,0,,0,0,,,,0,,,,,,,,,,,,
,,,,,,,,No,,,,,,,,,,,,,,0,0,0,,0,0,0,,,0,0,,0,0,,,,0,,,,,,,,,,,,
,,,,,,,,No,,,,,,,,,,,,,,0,0,0,,0,0,0,,,0,0,,0,0,,,,0,,,,,,,,,,,,
,,,,,,,,No,,,,,,,,,,,,,,0,0,0,,0,0,0,,,0,0,,0,0,,,,0,,,,,,,,,,,,
,,,,,,,,No,,,,,,,,,,,,,,0,0,0,,0,0,0,,,0,0,,0,0,,,,0,,,,,,,,,,,,
,,,,,,,,No,,,,,,,,,,,,,,0,0,0,,0,0,0,,,0,0,,0,0,,,,0,,,,,,,,,,,,
,,,,,,,,No,,,,,,,,,,,,,,0,0,0,,0,0,0,,,0,0,,0,0,,,,0,,,,,,,,,,,,
,,,,,,,,No,,,,,,,,,,,,,,0,0,0,,0,0,0,,,0,0,,0,0,,,,0,,,,,,,,,,,,
,,,,,,,,No,,,,,,,,,,,,,,0,0,0,,0,0,0,,,0,0,,0,0,,,,0,,,,,,,,,,,,
,,,,,,,,No,,,,,,,,,,,,,,0,0,0,,0,0,0,,,0,0,,0,0,,,,0,,,,,,,,,,,,
,,,,,,,,No,,,,,,,,,,,,,,0,0,0,,0,0,0,,,0,0,,0,0,,,,0,,,,,,,,,,,,
,,,,,,,,No,,,,,,,,,,,,,,0,0,0,,0,0,0,,,0,0,,0,0,,,,0,,,,,,,,,,,,
,,,,,,,,No,,,,,,,,,,,,,,0,0,0,,0,0,0,,,0,0,,0,0,,,,0,,,,,,,,,,,,
,,,,,,,,No,,,,,,,,,,,,,,0,0,0,,0,0,0,,,0,0,,0,0,,,,0,,,,,,,,,,,,
,,,,,,,,No,,,,,,,,,,,,,,0,0,0,,0,0,0,,,0,0,,0,0,,,,0,,,,,,,,,,,,
,,,,,,,,No,,,,,,,,,,,,,,0,0,0,,0,0,0,,,0,0,,0,0,,,,0,,,,,,,,,,,,
,,,,,,,,No,,,,,,,,,,,,,,0,0,0,,0,0,0,,,0,0,,0,0,,,,0,,,,,,,,,,,,
,,,,,,,,No,,,,,,,,,,,,,,0,0,0,,0,0,0,,,0,0,,0,0,,,,0,,,,,,,,,,,,
,,,,,,,,No,,,,,,,,,,,,,,0,0,0,,0,0,0,,,0,0,,0,0,,,,0,,,,,,,,,,,,
,,,,,,,,No,,,,,,,,,,,,,,0,0,0,,0,0,0,,,0,0,,0,0,,,,0,,,,,,,,,,,,
,Total List Price - Add-On Services:,4800,0,,,,,,,,,,,,,,,4800,0,,,,,,,,,,,,,,,,,,,,,,,,,,,,,,,,
,Total Selling Price - Add-On Services: ,4800,0,,,,,,,,,,,,,,,,,,,,,,,,,,,,,,,,,,,,,,,,,,,,,,,,
,,,,,,,,,,,,,,,,,,,,,,,,,,,,,,,,,,,,,,,,,,,,,,,,,,,
,Total Deal List Price,4800,0,,,,,,,,,,,,,,,,,,,,,,,,,,,,,,,,,,,,,,,,,,,,,,,,
,Total Deal Selling Price: ,4800,0,,,,,,,,,,,,,,,,,,,,,,,,,,,,,,,,,,,,,,,,,,,,,,,,
,,,,,,,,,,,,,,,,,,,,,,,,,,,,,,,,,,,,,,,,,,,,,,,,,,,
,,,,,,,,,,,,,,,,,,,,,,,,,,,,,,,,,,,,,,,,,,,,,,,,,,,
,,,,,,,,,,,,,,,,,,,,,,,,,,,,,,,,,,,,,,,,,,,,,,,,,,,
,Quote Deal Level Discounts by Charge Type,,,,,,,,,,,,,,,,,,,,,,,,,,,,,,,,,,,,,,,,,,,,,,,,,,
,One Time Fees,0,,,,,,,,,,,,,,,,,,,,,,,,,,,,,,,,,,,,,,,,,,,,,,,,,
,Annual Fees,0,,,,,,,,,,,,,,,,,,,,,,,,,,,,,,,,,,,,,,,,,,,,,,,,,
,,,,,,,,,,,,,,,,,,,,,,,,,,,,,,,,,,,,,,,,,,,,,,,,,,,
,Overall Deal Financials,,,,,,,,,,,,,,,,,,,,,,,,,,,,,,,,,,,,,,,,,,,,,,,,,,
,Based On,Total ACV,SaaS ACV,One Time Fees,YR1,TCV,,,,,,,,,,,,,,,,,,,,,,,,,,,,,,,,,,,,,,,,,,,,,
,List Price,25440,25440,4800,30240,30240,,,,,,,,,,,,,,,,,,,,,,,,,,,,,,,,,,,,,,,,,,,,,
,Selling Price,30000,30000,4800,34800,34800,,,,<--- Enter Blue Values into your Opportunity,,,,,,,,,,,,,,,,,,,,,,,,,,,,,,,,,,,,,,,,,
,,,,,,,,,,,,,,,,,,,,,,,,,,,,,,,,,,,,,,,,,,,,,,,,,,,
,Impact of Price Adjustments $,4560,4560,0,4560,4560,,,,,,,,,,,,,,,,,,,,,,,,,,,,,,,,,,,,,,,,,,,,,
,Impact of Price Adjustments %,0.1792452830188679,0.1792452830188679,0,0.15079365079365079,0.15079365079365079,,,,,,,,,,,,,,,,,,,,,,,,,,,,,,,,,,,,,,,,,,,,,
,,,,,,,,,,,,,,,,,,,,,,,,,,,,,,,,,,,,,,,,,,,,,,,,,,,
,,,,,,,,,,,,,,,,,,,,,,,,,,,,,,,,,,,,,,,,,,,,,,,,,,,
,,,,,,,,,,,,,,,,,,,,,,,,,,,,,,,,,,,,,,,,,,,,,,,,,,,
,Internal Notes for Win Desk,,,,,,,,,,,,,,,,,,,,,,,,,,,,,,,,,,,,,,,,,,,,,,,,,,
,,,,,,,,,,,,,,,,,,,,,,,,,,,,,,,,,,,,,,,,,,,,,,,,,,,
,,,,,,,,,,,,,,,,,,,,,,,,,,,,,,,,,,,,,,,,,,,,,,,,,,,
,,,,,,,,,,,,,,,,,,,,,,,,,,,,,,,,,,,,,,,,,,,,,,,,,,,
,,,,,,,,,,,,,,,,,,,,,,,,,,,,,,,,,,,,,,,,,,,,,,,,,,,
,,,,,,,,,,,,,,,,,,,,,,,,,,,,,,,,,,,,,,,,,,,,,,,,,,,
,,,,,,,,,,,,,,,,,,,,,,,,,,,,,,,,,,,,,,,,,,,,,,,,,,,
,,,,,,,,,,,,,,,,,,,,,,,,,,,,,,,,,,,,,,,,,,,,,,,,,,,
,,,,,,,,,,,,,,,,,,,,,,,,,,,,,,,,,,,,,,,,,,,,,,,,,,,
, Customer Quote Special Terms/Notes:,,,,,,,,,,,,,,,,,,,,,,,,,,,,,,,,,,,,,,,,,,,,,,,,,,
,,,,,,,,,,,,,,,,,,,,,,,,,,,,,,,,,,,,,,,,,,,,,,,,,,,
,,,,,,,,,,,,,,,,,,,,,,,,,,,,,,,,,,,,,,,,,,,,,,,,,,,
,,,,,,,,,,,,,,,,,,,,,,,,,,,,,,,,,,,,,,,,,,,,,,,,,,,
,,,,,,,,,,,,,,,,,,,,,,,,,,,,,,,,,,,,,,,,,,,,,,,,,,,
,,,,,,,,,,,,,,,,,,,,,,,,,,,,,,,,,,,,,,,,,,,,,,,,,,,
,,,,,,,,,,,,,,,,,,,,,,,,,,,,,,,,,,,,,,,,,,,,,,,,,,,
,,,,,,,,,,,,,,,,,,,,,,,,,,,,,,,,,,,,,,,,,,,,,,,,,,,
,,,,,,,,,,,,,,,,,,,,,,,,,,,,,,,,,,,,,,,,,,,,,,,,,,,
,Customer Quote Ramps Calculator,,,,,,,,,,,,,,,,,,,,,,,,,,,,,,,,,,,,,,,,,,,,,,,,,,
,Year,,Application Fee,Monthly Commitment,Monthly Minimums,ACV,,,,,,,,,,,,,,,,,,,,,,,,,,,,,,,,,,,,,,,,,,,,,
,1,,,,0,0,,,,,,,,,,,,,,,,,,,,,,,,,,,,,,,,,,,,,,,,,,,,,
,2,,,,0,0,,,,,,,,,,,,,,,,,,,,,,,,,,,,,,,,,,,,,,,,,,,,,
,3,,,,0,0,,,,,,,,,,,,,,,,,,,,,,,,,,,,,,,,,,,,,,,,,,,,,
,4,,,,0,0,,,,,,,,,,,,,,,,,,,,,,,,,,,,,,,,,,,,,,,,,,,,,
,5,,,,0,0,,,,,,,,,,,,,,,,,,,,,,,,,,,,,,,,,,,,,,,,,,,,,
,Average,,,,0,0,,,,<--- Enter Values into the Quote Builder as Unit Costs for the Applicable Ramped Product,,,,,,,,,,,,,,,,,,,,,,,,,,,,,,,,,,,,,,,,,
